issue_id,bug_type,subsystems,dirctories,files,num_developer,num_unique_change,add_line,delete_line,churns,OpenToLastCommit_min,OpenToResolved_min,OpenToLastCommit_Days,OpenToResolved_Days,OpenToLastCommit_Hour,OpenToResolved_Hour
16,Normal,4,9,17,48,175,279,247,526,32,557,0,0,0.5333333333,9.2833333333
31,Normal,4,4,4,20,14,8,8,16,11,737,0,0,0.1833333333,12.2833333333
38,Normal,3,4,6,38,56,102,72,174,2618,182246,1,126,43.6333333333,3037.4333333333
85,Normal,2,2,2,24,15,25,7,32,59,3617,0,2,0.9833333333,60.2833333333
88,Normal,2,2,2,24,15,12,6,18,8,565,0,0,0.1333333333,9.4166666667
101,Normal,2,4,4,24,14,46,2,48,0,12,0,0,0,0.2
142,Normal,2,2,2,24,3,2,2,4,81,5038,0,3,1.35,83.9666666667
144,Breakage,6,8,8,72,44,129,77,206,88,5344,0,3,1.4666666667,89.0666666667
149,Normal,2,2,2,24,21,4,3,7,1004,60346,0,41,16.7333333333,1005.7666666667
165,Normal,4,6,10,52,85,242,150,392,1999,119887,1,83,33.3166666667,1998.1166666667
172,Normal,1,5,8,12,21,194,55,249,23,1466,0,1,0.3833333333,24.4333333333
215,Dormant,2,2,2,24,67,20,21,41,742,74958,0,52,12.3666666667,1249.3
218,Normal,2,2,2,24,21,25,19,44,110,6718,0,4,1.8333333333,111.9666666667
245,Normal,1,1,1,12,13,9,1,10,0,27,0,0,0,0.45
250,Normal,2,2,2,24,27,8,0,8,7,482,0,0,0.1166666667,8.0333333333
254,Normal,1,4,8,14,67,177,7,184,3369,202183,2,140,56.15,3369.7166666667
255,Normal,2,2,2,24,9,2,2,4,0,17,0,0,0,0.2833333333
269,Surprising,2,8,8,24,55,85,91,176,0,32,0,0,0,0.5333333333
269,Dormant,2,8,8,24,55,85,91,176,0,32,0,0,0,0.5333333333
277,Normal,2,4,4,25,8,84,13,97,544,32740,0,22,9.0666666667,545.6666666667
293,Normal,3,5,5,42,44,35,47,82,2696,161795,1,112,44.9333333333,2696.5833333333
323,Surprising,1,1,1,14,4,1,0,1,2535,152140,1,105,42.25,2535.6666666667
330,Surprising,1,2,2,15,7,14,1,15,5867,352043,4,244,97.7833333333,5867.3833333333
336,Surprising,1,1,2,15,114,8,10,18,5837,350246,4,243,97.2833333333,5837.4333333333
345,Surprising,2,3,3,26,29,3,3,6,26,1668,0,1,0.4333333333,27.8
373,Normal,2,2,3,28,5,52,22,74,2295,137746,1,95,38.25,2295.7666666667
382,Normal,1,1,3,15,19,27,6,33,5548,332911,3,231,92.4666666667,5548.5166666667
396,Normal,1,1,1,14,1,1,0,1,1157,69456,0,48,19.2833333333,1157.6
397,Normal,2,2,2,28,3,24,24,48,0,14,0,0,0,0.2333333333
404,Normal,1,2,2,14,8,19,9,28,955,57348,0,39,15.9166666667,955.8
455,Normal,2,2,2,14,9,12,0,12,1339,80362,0,55,22.3166666667,1339.3666666667
464,Performance,2,2,3,28,9,39,0,39,1174,70491,0,48,19.5666666667,1174.85
467,Normal,1,1,2,14,15,4,12,16,2,177,0,0,0.0333333333,2.95
501,Surprising,5,6,6,70,12,112,14,126,1318,79090,0,54,21.9666666667,1318.1666666667
536,Surprising,1,2,2,14,9,16,2,18,2702,162201,1,112,45.0333333333,2703.35
550,Surprising,1,1,1,17,7,10,26,36,9601,777741,6,540,160.0166666667,12962.35
566,Normal,1,1,1,14,2,1,1,2,1,72,0,0,0.0166666667,1.2
574,Surprising,1,5,7,20,58,152,58,210,28489,1726500,19,1198,474.8166666667,28775
595,Normal,1,1,1,14,1,1,2,3,0,5151,0,3,0,85.85
606,Blocker,2,2,2,28,7,8,2,10,113,10001,0,6,1.8833333333,166.6833333333
612,Normal,1,1,1,14,2,29,11,40,11,718,0,0,0.1833333333,11.9666666667
613,Normal,2,3,3,31,5,3,95,98,9160,549640,6,381,152.6666666667,9160.6666666667
628,Normal,2,2,2,28,21,18,4,22,70,0,0,0,1.1666666667,0
631,Performance,1,1,1,14,3,24,31,55,2714,162893,1,113,45.2333333333,2714.8833333333
631,Breakage,1,1,1,14,3,24,31,55,2714,162893,1,113,45.2333333333,2714.8833333333
667,Normal,1,1,1,14,1,6,0,6,164,9864,0,6,2.7333333333,164.4
685,Normal,1,1,1,14,6,45,54,99,2260,135631,1,94,37.6666666667,2260.5166666667
698,Normal,1,2,2,14,20,35,3,38,2,172,0,0,0.0333333333,2.8666666667
703,Normal,1,1,1,14,1,12,1,13,1176,70604,0,49,19.6,1176.7333333333
707,Normal,1,1,1,14,26,5,2,7,1575,94513,1,65,26.25,1575.2166666667
728,Normal,4,6,9,56,32,122,54,176,1091,65407,0,45,18.1833333333,1090.1166666667
729,Normal,1,1,1,14,18,21,4,25,5,300,0,0,0.0833333333,5
738,Normal,1,1,1,14,43,2,1,3,29,1778,0,1,0.4833333333,29.6333333333
748,Normal,1,1,1,14,16,26,16,42,524,31451,0,21,8.7333333333,524.1833333333
765,Normal,3,12,20,42,110,189,83,272,147,8825,0,6,2.45,147.0833333333
782,Normal,1,1,1,14,3,69,66,135,3,53890,0,37,0.05,898.1666666667
796,Normal,2,2,2,28,37,20,2,22,888,75002,0,52,14.8,1250.0333333333
807,Normal,2,3,4,28,17,91,51,142,499,29960,0,20,8.3166666667,499.3333333333
824,Normal,2,2,2,29,74,48,23,71,1436,80258,0,55,23.9333333333,1337.6333333333
826,Normal,1,1,1,14,3,76,31,107,496,29815,0,20,8.2666666667,496.9166666667
838,Normal,2,2,2,28,9,35,32,67,92,5532,0,3,1.5333333333,92.2
846,Normal,1,1,1,14,9,4,4,8,154,9266,0,6,2.5666666667,154.4333333333
859,Dormant,1,1,2,14,33,26,6,32,0,0,0,0,0,0
861,Normal,1,2,2,18,7,49,14,63,9736,584187,6,405,162.2666666667,9736.45
864,Normal,1,1,1,14,21,63,64,127,149,8992,0,6,2.4833333333,149.8666666667
871,Surprising,1,1,4,14,2,64,2,66,207,12466,0,8,3.45,207.7666666667
872,Surprising,1,1,1,14,2,1,1,2,20,1255,0,0,0.3333333333,20.9166666667
872,Dormant,1,1,1,14,2,1,1,2,20,1255,0,0,0.3333333333,20.9166666667
886,Dormant,1,1,1,14,3,21,26,47,42,2536,0,1,0.7,42.2666666667
887,Surprising,1,1,1,14,4,18,0,18,42,2537,0,1,0.7,42.2833333333
887,Dormant,1,1,1,14,4,18,0,18,42,2537,0,1,0.7,42.2833333333
895,Surprising,2,2,3,28,45,55,50,105,27,7759,0,5,0.45,129.3166666667
903,Breakage,1,1,1,14,26,14,2,16,15,927,0,0,0.25,15.45
909,Normal,1,1,1,14,9,2,2,4,35,2121,0,1,0.5833333333,35.35
914,Surprising,1,1,1,14,12,17,1,18,12,747,0,0,0.2,12.45
916,Surprising,2,9,17,30,114,17,17,34,1023,61347,0,42,17.05,1022.45
925,Surprising,1,1,1,14,15,18,2,20,289,17400,0,12,4.8166666667,290
932,Surprising,2,3,5,17,37,200,7,207,4807,288445,3,200,80.1166666667,4807.4166666667
946,Normal,1,1,1,14,28,36,22,58,167,10068,0,6,2.7833333333,167.8
954,Dormant,1,1,1,14,25,10,1,11,0,0,0,0,0,0
960,Normal,1,1,1,14,1,1,1,2,189,11403,0,7,3.15,190.05
977,Normal,1,1,3,14,12,2,3,5,229,13768,0,9,3.8166666667,229.4666666667
991,Normal,1,1,1,15,21,12,12,24,1060,63600,0,44,17.6666666667,1060
1007,Normal,1,1,1,14,16,1,1,2,5,357,0,0,0.0833333333,5.95
1037,Normal,1,1,1,14,13,2,2,4,238,14316,0,9,3.9666666667,238.6
1040,Normal,1,1,1,14,19,1,0,1,726,43620,0,30,12.1,727
1046,Normal,1,2,2,14,51,246,203,449,0,8,0,0,0,0.1333333333
1118,Normal,1,1,1,14,36,8,0,8,5,2570,0,1,0.0833333333,42.8333333333
1120,Surprising,2,2,2,34,13,144,160,304,7740,464430,5,322,129,7740.5
1131,Surprising,1,1,1,16,14,2,1,3,213,12853,0,8,3.55,214.2166666667
1135,Normal,1,1,1,14,37,1,1,2,25,1585,0,1,0.4166666667,26.4166666667
1148,Surprising,1,1,1,15,17,6,7,13,17,1143,0,0,0.2833333333,19.05
1148,Dormant,1,1,1,15,17,6,7,13,17,1143,0,0,0.2833333333,19.05
1176,Surprising,1,1,1,16,17,8,11,19,56,0,0,0,0.9333333333,0
1186,Surprising,6,6,6,89,236,622,575,1197,286,1865,0,1,4.7666666667,31.0833333333
1186,Performance,6,6,6,89,236,622,575,1197,286,1865,0,1,4.7666666667,31.0833333333
1198,Normal,1,2,3,15,18,111,14,125,0,0,0,0,0,0
1199,Normal,1,6,11,15,91,57,26,83,0,34,0,0,0,0.5666666667
1229,Normal,1,1,1,15,8,8,8,16,23,1456,0,1,0.3833333333,24.2666666667
1230,Security,1,1,1,15,4,42,38,80,19,1231,0,0,0.3166666667,20.5166666667
1239,Normal,2,2,3,32,29,101,33,134,2550,62345,1,43,42.5,1039.0833333333
1264,Normal,1,1,1,15,19,2,0,2,8,588,0,0,0.1333333333,9.8
1270,Normal,1,1,1,15,6,9,6,15,114,6944,0,4,1.9,115.7333333333
1271,Normal,1,1,1,15,8,16,14,30,128,7794,0,5,2.1333333333,129.9
1291,Normal,1,2,4,17,36,163,2,165,1945,116755,1,81,32.4166666667,1945.9166666667
1305,Performance,2,2,2,15,16,19,2,21,1011,60764,0,42,16.85,1012.7333333333
1314,Normal,1,1,1,14,28,9,7,16,1,472196,0,327,0.0166666667,7869.9333333333
1321,Normal,1,1,1,15,15,188,189,377,107,6537,0,4,1.7833333333,108.95
1323,Surprising,1,1,1,15,17,8,0,8,6,438,0,0,0.1,7.3
1332,Performance,1,1,1,15,9,9,12,21,1050,62999,0,43,17.5,1049.9833333333
1343,Normal,1,1,1,15,23,24,24,48,72,313014,0,217,1.2,5216.9
1350,Surprising,1,1,1,14,9,47,43,90,954,57278,0,39,15.9,954.6333333333
1350,Dormant,1,1,1,14,9,47,43,90,954,57278,0,39,15.9,954.6333333333
1361,Breakage,2,2,2,31,34,6,2,8,461,25750,0,17,7.6833333333,429.1666666667
1365,Surprising,3,5,5,45,82,78,62,140,182,23528,0,16,3.0333333333,392.1333333333
1365,Performance,3,5,5,45,82,78,62,140,182,23528,0,16,3.0333333333,392.1333333333
1370,Surprising,1,1,2,15,21,62,15,77,266,16029,0,11,4.4333333333,267.15
1370,Performance,1,1,2,15,21,62,15,77,266,16029,0,11,4.4333333333,267.15
1372,Surprising,1,1,1,14,11,5,5,10,725,43518,0,30,12.0833333333,725.3
1377,Surprising,1,1,1,14,7,8,10,18,213,12865,0,8,3.55,214.4166666667
1383,Normal,1,1,1,15,3,12,9,21,202,12214,0,8,3.3666666667,203.5666666667
1388,Surprising,1,2,2,15,15,25,10,35,190,11510,0,7,3.1666666667,191.8333333333
1388,Breakage,1,2,2,15,15,25,10,35,190,11510,0,7,3.1666666667,191.8333333333
1391,Normal,1,4,4,16,151,187,58,245,600,36017,0,25,10,600.2833333333
1397,Normal,1,2,4,16,7,127,19,146,60,3699,0,2,1,61.65
1399,Normal,2,2,2,32,34,5,0,5,4708,282482,3,196,78.4666666667,4708.0333333333
1400,Normal,1,2,2,16,53,50,17,67,47,2883,0,2,0.7833333333,48.05
1401,Normal,1,1,1,14,4,2,1,3,20,1273,0,0,0.3333333333,21.2166666667
1402,Normal,1,1,1,15,9,1,1,2,34,2071,0,1,0.5666666667,34.5166666667
1423,Breakage,1,1,1,14,5,3,4,7,212,12749,0,8,3.5333333333,212.4833333333
1434,Normal,1,2,2,16,55,25,3,28,100,6035,0,4,1.6666666667,100.5833333333
1438,Performance,1,2,2,16,76,87,84,171,89,5360,0,3,1.4833333333,89.3333333333
1442,Normal,1,1,1,16,35,1,1,2,0,3,0,0,0,0.05
1445,Dormant,1,1,1,15,15,27,24,51,0,19,0,0,0,0.3166666667
1462,Normal,2,2,2,29,77,4,4,8,0,52,0,0,0,0.8666666667
1473,Normal,1,2,4,17,12,129,4,133,1509,90594,1,62,25.15,1509.9
1483,Dormant,1,2,3,18,67,67,22,89,7247,434887,5,302,120.7833333333,7248.1166666667
1496,Normal,4,4,5,59,11,103,40,143,3861,231712,2,160,64.35,3861.8666666667
1499,Normal,1,1,1,16,5,3,2,5,23,1386,0,0,0.3833333333,23.1
1501,Normal,1,1,1,16,18,2,1,3,5,307,0,0,0.0833333333,5.1166666667
1504,Breakage,2,2,2,34,13,3,3,6,5191,311531,3,216,86.5166666667,5192.1833333333
1507,Breakage,1,2,9,17,8,91,10,101,676,40581,0,28,11.2666666667,676.35
1512,Normal,4,6,15,34,32,80,66,146,184,11047,0,7,3.0666666667,184.1166666667
1607,Dormant,1,1,1,17,1,7,9,16,16,994,0,0,0.2666666667,16.5666666667
1607,Performance,1,1,1,17,1,7,9,16,16,994,0,0,0.2666666667,16.5666666667
1643,Dormant,1,1,1,17,1,38,28,66,25,1525,0,1,0.4166666667,25.4166666667
1645,Normal,1,1,1,17,7,27,7,34,12,1047,0,0,0.2,17.45
1648,Normal,1,1,1,17,2,51,49,100,3095,185721,2,128,51.5833333333,3095.35
1667,Surprising,1,1,1,17,4,77,3,80,480,28843,0,20,8,480.7166666667
1667,Dormant,1,1,1,17,4,77,3,80,480,28843,0,20,8,480.7166666667
1667,Performance,1,1,1,17,4,77,3,80,480,28843,0,20,8,480.7166666667
1669,Surprising,1,2,2,17,1,122,3,125,41,2515,0,1,0.6833333333,41.9166666667
1669,Dormant,1,2,2,17,1,122,3,125,41,2515,0,1,0.6833333333,41.9166666667
1679,Surprising,1,1,1,17,6,1,1,2,0,50790,0,35,0,846.5
1679,Performance,1,1,1,17,6,1,1,2,0,50790,0,35,0,846.5
1682,Surprising,1,1,1,17,3,2,2,4,1,79,0,0,0.0166666667,1.3166666667
1684,Surprising,1,2,2,17,5,111,8,119,183,10999,0,7,3.05,183.3166666667
1684,Performance,1,2,2,17,5,111,8,119,183,10999,0,7,3.05,183.3166666667
1694,Normal,1,2,2,17,6,20,3,23,48,2905,0,2,0.8,48.4166666667
1705,Surprising,1,1,1,17,2,5,2,7,72,4351,0,3,1.2,72.5166666667
1706,Normal,2,3,3,34,14,16,10,26,33,1936,0,1,0.55,32.2666666667
1714,Normal,1,1,1,17,3,12,9,21,0,26,0,0,0,0.4333333333
1719,Normal,1,1,1,17,6,13,8,21,2201,132069,1,91,36.6833333333,2201.15
1730,Normal,1,2,2,17,2,113,101,214,586,35204,0,24,9.7666666667,586.7333333333
1754,Surprising,1,1,1,17,3,2,1,3,1614,96883,1,67,26.9,1614.7166666667
1755,Normal,1,1,1,17,3,24,17,41,127,7647,0,5,2.1166666667,127.45
1756,Surprising,1,1,1,17,2,14,7,21,96,5806,0,4,1.6,96.7666666667
1777,Performance,1,1,1,17,1,2,1,3,2,146,0,0,0.0333333333,2.4333333333
1780,Normal,2,2,2,34,6,5,2,7,19,1176,0,0,0.3166666667,19.6
1788,Normal,1,1,1,17,7,5,3,8,123,30306,0,21,2.05,505.1
1794,Normal,1,1,1,17,2,23,10,33,1989,119449,1,82,33.15,1990.8166666667
1806,Normal,1,2,2,17,4,13,3,16,80,4843,0,3,1.3333333333,80.7166666667
1816,Normal,1,1,1,17,6,45,37,82,783,35907,0,24,13.05,598.45
1845,Normal,1,1,1,18,11,14,1,15,53,3233,0,2,0.8833333333,53.8833333333
1855,Normal,1,1,1,18,5,3,3,6,2918,175199,2,121,48.6333333333,2919.9833333333
1857,Dormant,1,2,2,18,6,85,0,85,0,10,0,0,0,0.1666666667
1857,Performance,1,2,2,18,6,85,0,85,0,10,0,0,0,0.1666666667
1868,Dormant,2,4,8,34,10,116,116,232,17,98981,0,68,0.2833333333,1649.6833333333
1871,Normal,2,2,2,34,15,8,1,9,557,33513,0,23,9.2833333333,558.55
1886,Normal,2,3,3,36,28,61,16,77,958,1220851,0,847,15.9666666667,20347.5166666667
1894,Normal,2,5,12,23,142,275,127,402,18411,1104479,12,766,306.85,18407.9833333333
1897,Normal,1,2,6,18,5,339,196,535,5618,337131,3,234,93.6333333333,5618.85
1898,Normal,1,1,1,17,2,24,8,32,236,14224,0,9,3.9333333333,237.0666666667
1903,Normal,1,1,1,18,9,4,1,5,2,162,0,0,0.0333333333,2.7
1904,Normal,2,2,2,36,13,70,31,101,2,59,0,0,0.0333333333,0.9833333333
1915,Normal,1,1,1,17,2,17,1,18,21,1341,0,0,0.35,22.35
1919,Surprising,3,10,16,18,144,93,96,189,1,270,0,0,0.0166666667,4.5
1919,Dormant,3,10,16,18,144,93,96,189,1,270,0,0,0.0166666667,4.5
1930,Normal,1,2,2,17,3,28,4,32,3,325,0,0,0.05,5.4166666667
1947,Surprising,1,1,3,19,19,4,4,8,15455,927302,10,643,257.5833333333,15455.0333333333
1954,Normal,1,1,1,18,38,2,2,4,66,4058,0,2,1.1,67.6333333333
1960,Normal,1,1,1,17,23,3,1,4,3816,228998,2,159,63.6,3816.6333333333
1985,Normal,2,2,2,38,50,6,5,11,14789,887397,10,616,246.4833333333,14789.95
2015,Normal,1,2,5,17,1,333,48,381,2041,122507,1,85,34.0166666667,2041.7833333333
2024,Normal,1,1,1,17,22,1,0,1,2391,143482,1,99,39.85,2391.3666666667
2048,Normal,2,2,2,34,3,11,7,18,147,8924,0,6,2.45,148.7333333333
2049,Normal,1,2,2,18,61,39,6,45,751,45141,0,31,12.5166666667,752.35
2050,Normal,1,1,1,17,1,4,2,6,0,10,0,0,0,0.1666666667
2057,Normal,1,2,3,17,1,200,6,206,68,4168,0,2,1.1333333333,69.4666666667
2063,Normal,1,1,1,18,49,5,0,5,25,1593,0,1,0.4166666667,26.55
2067,Normal,1,1,1,17,1,9,7,16,0,25,0,0,0,0.4166666667
2069,Normal,1,1,1,18,11,0,16,16,1,164,0,0,0.0166666667,2.7333333333
2077,Surprising,1,1,1,17,3,11,14,25,77,4709,0,3,1.2833333333,78.4833333333
2079,Surprising,1,2,6,18,28,94,5,99,0,34,0,0,0,0.5666666667
2079,Dormant,1,2,6,18,28,94,5,99,0,34,0,0,0,0.5666666667
2088,Surprising,11,11,11,17,17,19,11,30,11,726,0,0,0.1833333333,12.1
2096,Surprising,1,1,1,17,1,1,1,2,1,172,0,0,0.0166666667,2.8666666667
2107,Surprising,1,1,1,18,2,11,4,15,168,10148,0,7,2.8,169.1333333333
2114,Normal,1,4,8,18,51,204,19,223,65,4017,0,2,1.0833333333,66.95
2115,Surprising,1,5,5,20,177,14,17,31,12959,777556,8,539,215.9833333333,12959.2666666667
2127,Surprising,1,1,1,17,13,2,6,8,188,160293,0,111,3.1333333333,2671.55
2127,Performance,1,1,1,17,13,2,6,8,188,160293,0,111,3.1333333333,2671.55
2134,Surprising,1,2,6,18,24,230,1,231,797,47869,0,33,13.2833333333,797.8166666667
2140,Normal,1,1,1,17,1,5,0,5,5,395,0,0,0.0833333333,6.5833333333
2151,Surprising,1,1,1,17,1,4,1,5,1,175,0,0,0.0166666667,2.9166666667
2161,Surprising,1,1,1,18,5,27,11,38,768,46082,0,32,12.8,768.0333333333
2166,Surprising,1,1,1,18,22,22,0,22,14,400,0,0,0.2333333333,6.6666666667
2173,Normal,1,1,1,15,10,1,1,2,0,28,0,0,0,0.4666666667
2174,Surprising,1,1,1,18,25,38,21,59,503,30179,0,20,8.3833333333,502.9833333333
2175,Normal,1,1,1,17,4,8,3,11,487,29220,0,20,8.1166666667,487
2183,Normal,1,1,1,18,7,3,5,8,428,25710,0,17,7.1333333333,428.5
2191,Dormant,2,2,2,36,13,15,7,22,22,14,0,0,0.3666666667,0.2333333333
2191,Security,2,2,2,36,13,15,7,22,22,14,0,0,0.3666666667,0.2333333333
2202,Breakage,2,4,11,36,60,305,112,417,1881,112897,1,78,31.35,1881.6166666667
2203,Normal,1,2,8,18,25,389,2,391,55,3338,0,2,0.9166666667,55.6333333333
2220,Normal,1,8,17,17,13,6617,4906,11523,6,385,0,0,0.1,6.4166666667
2242,Normal,1,1,1,18,4,19,2,21,0,26,0,0,0,0.4333333333
2245,Surprising,1,1,1,18,3,14,11,25,285,17141,0,11,4.75,285.6833333333
2259,Surprising,1,1,1,17,6,0,1,1,3,203,0,0,0.05,3.3833333333
2272,Surprising,2,2,5,19,2,88,0,88,12,734,0,0,0.2,12.2333333333
2276,Normal,1,1,1,18,22,4,0,4,17,1076,0,0,0.2833333333,17.9333333333
2277,Surprising,1,2,2,18,69,18,21,39,15,941,0,0,0.25,15.6833333333
2277,Dormant,1,2,2,18,69,18,21,39,15,941,0,0,0.25,15.6833333333
2301,Normal,1,1,1,17,4,1,1,2,2,163,0,0,0.0333333333,2.7166666667
2305,Dormant,1,2,3,19,4,9,2,11,4,245,0,0,0.0666666667,4.0833333333
2309,Surprising,1,1,1,18,3,1,1,2,2,145,0,0,0.0333333333,2.4166666667
2310,Surprising,1,1,1,18,9,5,0,5,5,325,0,0,0.0833333333,5.4166666667
2313,Surprising,1,1,1,18,26,2,2,4,333,19983,0,13,5.55,333.05
2316,Normal,1,1,1,18,32,1,1,2,1616,96997,1,67,26.9333333333,1616.6166666667
2325,Surprising,1,1,7,18,62,40,35,75,0,61,0,0,0,1.0166666667
2328,Surprising,1,1,3,17,4,107,0,107,105,7066,0,4,1.75,117.7666666667
2334,Surprising,1,2,3,19,2,175,104,279,258,15540,0,10,4.3,259
2381,Normal,1,1,1,17,9,14,0,14,14,860,0,0,0.2333333333,14.3333333333
2384,Performance,2,2,3,35,18,26,6,32,10,650,0,0,0.1666666667,10.8333333333
2386,Dormant,3,3,3,18,8,56,57,113,1603,96219,1,66,26.7166666667,1603.65
2386,Performance,3,3,3,18,8,56,57,113,1603,96219,1,66,26.7166666667,1603.65
2391,Normal,1,1,1,1,3,1,1,2,13,793,0,0,0.2166666667,13.2166666667
2392,Normal,1,1,1,18,6,13,0,13,7,469,0,0,0.1166666667,7.8166666667
2394,Dormant,1,1,1,17,2,1,1,2,0,55,0,0,0,0.9166666667
2396,Normal,1,1,1,18,5,2,11,13,1552,93141,1,64,25.8666666667,1552.35
2404,Normal,1,1,1,18,3,1,2,3,901,54071,0,37,15.0166666667,901.1833333333
2422,Surprising,1,1,2,18,10,9,53,62,2,156,0,0,0.0333333333,2.6
2423,Surprising,1,1,1,17,2,142,140,282,2,140,0,0,0.0333333333,2.3333333333
2424,Surprising,2,2,2,19,34,2,0,2,5178,310708,3,215,86.3,5178.4666666667
2426,Surprising,1,1,1,19,3,1,0,1,957,57450,0,39,15.95,957.5
2433,Surprising,1,1,1,18,20,12,0,12,548,32921,0,22,9.1333333333,548.6833333333
2434,Normal,2,2,2,36,7,5,1,6,688,41454,0,28,11.4666666667,690.9
2453,Surprising,1,2,4,19,21,122,5,127,1227,19022,0,13,20.45,317.0333333333
2466,Normal,1,1,1,19,9,18,8,26,35,2111,0,1,0.5833333333,35.1833333333
2477,Normal,1,1,1,19,10,13,0,13,104,6282,0,4,1.7333333333,104.7
2505,Normal,1,1,1,18,6,1,2,3,60,3613,0,2,1,60.2166666667
2506,Surprising,1,2,4,19,12,115,33,148,10,631,0,0,0.1666666667,10.5166666667
2506,Breakage,1,2,4,19,12,115,33,148,10,631,0,0,0.1666666667,10.5166666667
2508,Normal,1,1,1,18,3,6,0,6,33,2014,0,1,0.55,33.5666666667
2520,Normal,1,1,1,17,2,1,3,4,85,5155,0,3,1.4166666667,85.9166666667
2530,Normal,1,1,1,17,6,3,2,5,15,911,0,0,0.25,15.1833333333
2548,Normal,1,1,1,18,3,15,7,22,7,440,0,0,0.1166666667,7.3333333333
2554,Normal,1,1,1,19,21,1,2,3,13,839,0,0,0.2166666667,13.9833333333
2569,Dormant,1,2,7,19,5,138,0,138,725,43572,0,30,12.0833333333,726.2
2580,Surprising,1,1,1,19,89,1,1,2,248,14962,0,10,4.1333333333,249.3666666667
2580,Dormant,1,1,1,19,89,1,1,2,248,14962,0,10,4.1333333333,249.3666666667
2595,Surprising,1,2,2,19,72,70,13,83,141,8058,0,5,2.35,134.3
2598,Surprising,1,1,3,19,47,7,11,18,92,5622,0,3,1.5333333333,93.7
2598,Breakage,1,1,3,19,47,7,11,18,92,5622,0,3,1.5333333333,93.7
2609,Normal,1,2,2,1,1,36,1,37,4,362,0,0,0.0666666667,6.0333333333
2620,Breakage,2,5,24,19,68,1075,58,1133,364,21935,0,15,6.0666666667,365.5833333333
2621,Surprising,1,4,4,19,69,26,8,34,19,1218,0,0,0.3166666667,20.3
2630,Normal,1,3,4,19,39,31,6,37,28,1755,0,1,0.4666666667,29.25
2635,Security,1,1,1,19,7,1,2,3,2,232,0,0,0.0333333333,3.8666666667
2638,Surprising,1,1,1,19,50,22,17,39,149,9024,0,6,2.4833333333,150.4
2639,Surprising,2,2,11,38,18,6,5,11,1040,2741,0,1,17.3333333333,45.6833333333
2645,Performance,1,1,1,17,3,5,2,7,0,46,0,0,0,0.7666666667
2650,Normal,3,3,5,58,11,124,80,204,12968,778091,9,540,216.1333333333,12968.1833333333
2655,Normal,1,1,1,19,10,8,0,8,20,1292,0,0,0.3333333333,21.5333333333
2657,Surprising,1,1,1,19,27,5,2,7,882,53007,0,36,14.7,883.45
2660,Normal,1,2,2,19,5,13,2,15,732,44031,0,30,12.2,733.85
2675,Normal,1,1,4,19,2,170,30,200,80,7237,0,5,1.3333333333,120.6166666667
2702,Normal,1,1,1,18,4,1,2,3,92,5597,0,3,1.5333333333,93.2833333333
2704,Dormant,1,1,1,19,29,2,2,4,51,3126,0,2,0.85,52.1
2744,Breakage,1,1,1,19,8,1,1,2,223,94973,0,65,3.7166666667,1582.8833333333
2753,Normal,1,1,1,19,54,1,1,2,108,6499,0,4,1.8,108.3166666667
2767,Surprising,1,1,1,19,4,5,1,6,263,15821,0,10,4.3833333333,263.6833333333
2811,Normal,1,1,1,18,7,8,7,15,74,213311,0,148,1.2333333333,3555.1833333333
2812,Normal,1,1,1,18,4,18,1,19,2742,164563,1,114,45.7,2742.7166666667
2852,Normal,1,1,1,18,6,4,0,4,2829,169779,1,117,47.15,2829.65
2860,Breakage,1,1,2,17,3,40,40,80,128,7756,0,5,2.1333333333,129.2666666667
2861,Normal,1,1,1,18,9,5,1,6,270,16219,0,11,4.5,270.3166666667
2891,Surprising,1,2,3,19,27,5,5,10,18,1134,0,0,0.3,18.9
2897,Surprising,1,1,1,19,1,2,1,3,0,14,0,0,0,0.2333333333
2902,Normal,1,1,1,19,9,1,1,2,629,37789,0,26,10.4833333333,629.8166666667
2919,Surprising,1,1,1,19,8,5,0,5,1717,103039,1,71,28.6166666667,1717.3166666667
2933,Surprising,1,1,1,19,66,21,23,44,1225,73503,0,51,20.4166666667,1225.05
2944,Normal,1,1,1,20,34,44,24,68,674,40491,0,28,11.2333333333,674.85
2951,Normal,2,2,2,38,13,4,3,7,8,32,0,0,0.1333333333,0.5333333333
2993,Normal,2,3,3,38,16,22,8,30,25,13,0,0,0.4166666667,0.2166666667
3038,Breakage,4,4,6,40,147,55,16,71,23,1411,0,0,0.3833333333,23.5166666667
3039,Normal,3,6,8,20,85,163,50,213,29,1801,0,1,0.4833333333,30.0166666667
3053,Normal,1,2,4,20,110,197,0,197,133,7988,0,5,2.2166666667,133.1333333333
3067,Surprising,4,6,12,40,28,532,485,1017,4,272,0,0,0.0666666667,4.5333333333
3075,Normal,1,1,1,20,43,1,1,2,75,4505,0,3,1.25,75.0833333333
3083,Surprising,1,1,1,20,7,1,1,2,2,173,0,0,0.0333333333,2.8833333333
3097,Surprising,3,8,11,43,212,170,40,210,8598,10224,5,7,143.3,170.4
3101,Normal,1,2,2,20,10,4,5,9,129,7770,0,5,2.15,129.5
3103,Normal,2,2,2,41,41,10,9,19,41,1237,0,0,0.6833333333,20.6166666667
3127,Breakage,1,1,1,20,45,13,8,21,18,1104,0,0,0.3,18.4
3134,Normal,3,3,3,20,152,25,23,48,2,177,0,0,0.0333333333,2.95
3143,Normal,2,4,5,22,53,135,9,144,46,728,0,0,0.7666666667,12.1333333333
3148,Breakage,2,4,6,40,138,458,437,895,5,349,0,0,0.0833333333,5.8166666667
3161,Normal,4,9,16,84,237,238,58,296,36,2235,0,1,0.6,37.25
3164,Normal,3,4,4,63,316,90,22,112,210,12676,0,8,3.5,211.2666666667
3178,Normal,1,1,1,21,3,8,0,8,0,6,0,0,0,0.1
3194,Performance,1,2,3,20,17,202,17,219,1,151,0,0,0.0166666667,2.5166666667
3200,Normal,1,1,1,1,0,103,0,103,10,687,0,0,0.1666666667,11.45
3207,Surprising,1,1,1,19,18,8,1,9,247,14913,0,10,4.1166666667,248.55
3207,Performance,1,1,1,19,18,8,1,9,247,14913,0,10,4.1166666667,248.55
3212,Surprising,4,5,5,67,221,86,3,89,89,1580,0,1,1.4833333333,26.3333333333
3212,Breakage,4,5,5,67,221,86,3,89,89,1580,0,1,1.4833333333,26.3333333333
3217,Normal,1,1,1,19,10,0,1,1,3,271,0,0,0.05,4.5166666667
3222,Surprising,1,2,2,22,14,27,6,33,0,95,0,0,0,1.5833333333
3232,Surprising,1,1,1,21,9,45,47,92,38,2383,0,1,0.6333333333,39.7166666667
3239,Surprising,2,6,6,40,37,29,36,65,146,8869,0,6,2.4333333333,147.8166666667
3253,Normal,1,2,2,22,14,25,4,29,0,86,0,0,0,1.4333333333
3279,Normal,1,1,1,19,3,2,0,2,87,5281,0,3,1.45,88.0166666667
3280,Surprising,1,4,4,22,72,230,36,266,70,4260,0,2,1.1666666667,71
3309,Surprising,1,2,2,22,1,131,4,135,8,588,0,0,0.1333333333,9.8
3309,Dormant,1,2,2,22,1,131,4,135,8,588,0,0,0.1333333333,9.8
3319,Surprising,2,2,2,20,4,2,2,4,1,129,0,0,0.0166666667,2.15
3321,Normal,1,1,1,22,2,3,1,4,5,3365,0,2,0.0833333333,56.0833333333
3323,Breakage,1,1,2,22,13,6,9,15,742,44589,0,30,12.3666666667,743.15
3337,Surprising,7,15,34,66,68,234,205,439,3,24,0,0,0.05,0.4
3337,Blocker,7,15,34,66,68,234,205,439,3,24,0,0,0.05,0.4
3361,Performance,2,2,2,44,28,14,7,21,546,32825,0,22,9.1,547.0833333333
3365,Normal,17,17,17,66,621,82,95,177,67,4116,0,2,1.1166666667,68.6
3380,Normal,3,5,5,44,5,81,8,89,2,208,0,0,0.0333333333,3.4666666667
3388,Normal,1,1,3,20,4,4,11,15,18,1173,0,0,0.3,19.55
3412,Normal,1,1,1,20,1,2,2,4,261,15723,0,10,4.35,262.05
3415,Normal,2,3,10,22,25,449,147,596,284,17127,0,11,4.7333333333,285.45
3420,Normal,4,14,18,88,34,471,80,551,1093,65598,0,45,18.2166666667,1093.3
3439,Normal,2,2,2,42,5,10,4,14,874,10889,0,7,14.5666666667,181.4833333333
3440,Normal,1,1,1,22,2,1,1,2,4,328,0,0,0.0666666667,5.4666666667
3444,Normal,1,1,1,22,5,4,0,4,2,190,0,0,0.0333333333,3.1666666667
3454,Normal,2,4,15,44,7,284,4,288,23,1438,0,0,0.3833333333,23.9666666667
3465,Surprising,2,2,2,44,11,49,13,62,0,43,0,0,0,0.7166666667
3470,Surprising,4,6,7,88,25,105,49,154,1669,34292,1,23,27.8166666667,571.5333333333
3483,Normal,1,1,1,22,2,2,1,3,0,1,0,0,0,0.0166666667
3485,Surprising,1,1,1,22,2,6,7,13,0,55,0,0,0,0.9166666667
3485,Dormant,1,1,1,22,2,6,7,13,0,55,0,0,0,0.9166666667
3506,Normal,1,2,3,22,6,123,13,136,79,4852,0,3,1.3166666667,80.8666666667
3508,Surprising,2,5,6,22,30,128,53,181,69,4342,0,3,1.15,72.3666666667
3520,Surprising,1,2,2,22,4,114,1,115,1821,109309,1,75,30.35,1821.8166666667
3551,Breakage,2,3,4,22,24,207,3,210,98,5893,0,4,1.6333333333,98.2166666667
3556,Normal,2,2,2,44,13,19,1,20,61,2,0,0,1.0166666667,0.0333333333
3559,Normal,1,2,13,22,2,274,1,275,32,1970,0,1,0.5333333333,32.8333333333
3562,Surprising,5,7,8,110,15,103,41,144,440,82891,0,57,7.3333333333,1381.5166666667
3562,Breakage,5,7,8,110,15,103,41,144,440,82891,0,57,7.3333333333,1381.5166666667
3571,Surprising,2,2,2,44,4,2,3,5,583,34992,0,24,9.7166666667,583.2
3581,Surprising,1,1,1,22,3,20,3,23,2,148,0,0,0.0333333333,2.4666666667
3588,Surprising,2,2,3,22,19,21,64,85,48,2920,0,2,0.8,48.6666666667
3591,Surprising,1,1,1,22,3,13,0,13,132,7965,0,5,2.2,132.75
3598,Surprising,2,3,3,44,13,158,39,197,382,22923,0,15,6.3666666667,382.05
3605,Dormant,1,1,1,22,16,16,5,21,448,28257,0,19,7.4666666667,470.95
3610,Normal,1,1,1,22,1,6,9,15,31,1883,0,1,0.5166666667,31.3833333333
3617,Surprising,1,2,2,22,19,38,1,39,942,56528,0,39,15.7,942.1333333333
3619,Surprising,1,1,2,22,1,48,48,96,0,0,0,0,0,0
3621,Surprising,1,1,1,22,7,5,2,7,7,450,0,0,0.1166666667,7.5
3627,Surprising,1,2,3,22,3,0,31,31,74,4495,0,3,1.2333333333,74.9166666667
3636,Surprising,1,1,1,22,1,11,5,16,263,15828,0,10,4.3833333333,263.8
3641,Surprising,5,13,33,66,110,63,63,126,13,565,0,0,0.2166666667,9.4166666667
3641,Performance,5,13,33,66,110,63,63,126,13,565,0,0,0.2166666667,9.4166666667
3641,Breakage,5,13,33,66,110,63,63,126,13,565,0,0,0.2166666667,9.4166666667
3650,Dormant,1,1,1,22,6,10,10,20,23,583,0,0,0.3833333333,9.7166666667
3650,Security,1,1,1,22,6,10,10,20,23,583,0,0,0.3833333333,9.7166666667
3669,Performance,1,1,1,22,17,7,2,9,124,329998,0,229,2.0666666667,5499.9666666667
3675,Dormant,3,9,19,66,41,448,75,523,4,5873,0,4,0.0666666667,97.8833333333
3688,Surprising,2,2,2,44,7,4,2,6,0,7,0,0,0,0.1166666667
3690,Surprising,2,3,3,44,19,7,21,28,18,1111,0,0,0.3,18.5166666667
3690,Performance,2,3,3,44,19,7,21,28,18,1111,0,0,0.3,18.5166666667
3700,Surprising,2,3,3,44,51,55,20,75,7,426,0,0,0.1166666667,7.1
3725,Surprising,2,2,2,44,4,3,8,11,390,23402,0,16,6.5,390.0333333333
3725,Breakage,2,2,2,44,4,3,8,11,390,23402,0,16,6.5,390.0333333333
3727,Surprising,1,2,16,22,18,31,142,173,1162,69748,0,48,19.3666666667,1162.4666666667
3727,Dormant,1,2,16,22,18,31,142,173,1162,69748,0,48,19.3666666667,1162.4666666667
3730,Surprising,4,9,15,88,37,394,239,633,85,1158,0,0,1.4166666667,19.3
3730,Performance,4,9,15,88,37,394,239,633,85,1158,0,0,1.4166666667,19.3
3736,Surprising,1,2,3,22,12,80,13,93,0,35,0,0,0,0.5833333333
3739,Surprising,2,2,4,44,14,12606,12578,25184,59,126,0,0,0.9833333333,2.1
3739,Dormant,2,2,4,44,14,12606,12578,25184,59,126,0,0,0.9833333333,2.1
3740,Surprising,3,7,8,44,31,193,61,254,24,1440,0,1,0.4,24
3740,Performance,3,7,8,44,31,193,61,254,24,1440,0,1,0.4,24
3758,Surprising,1,1,1,22,2,1,1,2,38,2296,0,1,0.6333333333,38.2666666667
3761,Surprising,2,3,4,44,29,108,6,114,135,8103,0,5,2.25,135.05
3774,Surprising,1,1,1,20,2,1,1,2,10,658,0,0,0.1666666667,10.9666666667
3780,Normal,1,1,1,22,2,1,1,2,4,287,0,0,0.0666666667,4.7833333333
3793,Dormant,1,1,1,22,44,11,3,14,0,46,0,0,0,0.7666666667
3793,Breakage,1,1,1,22,44,11,3,14,0,46,0,0,0,0.7666666667
3814,Surprising,1,1,1,22,5,1,1,2,10,642,0,0,0.1666666667,10.7
3822,Surprising,1,1,2,22,10,23,2,25,0,6,0,0,0,0.1
3832,Surprising,1,4,10,22,35,290,98,388,138,9910,0,6,2.3,165.1666666667
3832,Breakage,1,4,10,22,35,290,98,388,138,9910,0,6,2.3,165.1666666667
3834,Surprising,5,9,15,88,151,491,42,533,13,5483,0,3,0.2166666667,91.3833333333
3838,Normal,1,2,2,22,2,71,6,77,17,1066,0,0,0.2833333333,17.7666666667
3842,Surprising,1,1,1,22,2,56,1,57,105,14824,0,10,1.75,247.0666666667
3846,Normal,13,26,62,264,216,1590,907,2497,20,61,0,0,0.3333333333,1.0166666667
3847,Normal,2,2,2,22,47,7,0,7,4,254,0,0,0.0666666667,4.2333333333
3860,Normal,1,1,1,22,3,3,1,4,13,815,0,0,0.2166666667,13.5833333333
3861,Surprising,1,5,10,22,41,17,26,43,3,222,0,0,0.05,3.7
3867,Surprising,1,1,1,22,1,22,7,29,28,1684,0,1,0.4666666667,28.0666666667
3880,Normal,2,2,2,44,21,19,18,37,65,3920,0,2,1.0833333333,65.3333333333
3885,Normal,1,2,2,22,9,102,1,103,20,1222,0,0,0.3333333333,20.3666666667
3887,Normal,1,1,1,22,22,5,5,10,61,3682,0,2,1.0166666667,61.3666666667
3891,Performance,1,1,1,22,5,20,14,34,214,12871,0,8,3.5666666667,214.5166666667
3892,Normal,2,2,2,23,8,98,1,99,150,2855,0,1,2.5,47.5833333333
3897,Normal,1,1,1,22,10,11,3,14,16,973,0,0,0.2666666667,16.2166666667
3906,Normal,3,5,6,66,69,82,5,87,73,4068,0,2,1.2166666667,67.8
3908,Normal,1,1,2,22,24,59,15,74,62,3763,0,2,1.0333333333,62.7166666667
3909,Normal,1,4,5,22,21,103,6,109,61,3675,0,2,1.0166666667,61.25
3912,Normal,1,1,1,22,23,1,1,2,36,2163,0,1,0.6,36.05
3917,Normal,1,2,2,22,7,12,90,102,227,13626,0,9,3.7833333333,227.1
3918,Normal,2,3,3,44,35,39,18,57,0,26,0,0,0,0.4333333333
3926,Normal,2,3,3,44,17,32,14,46,119,6077,0,4,1.9833333333,101.2833333333
3962,Normal,2,2,4,22,22,53,26,79,836,50190,0,34,13.9333333333,836.5
3965,Normal,1,7,12,22,108,121,15,136,3,215,0,0,0.05,3.5833333333
3971,Normal,1,2,3,22,2,93,0,93,0,40,0,0,0,0.6666666667
3986,Performance,1,1,1,22,2,1,1,2,0,6,0,0,0,0.1
3991,Breakage,3,7,9,66,86,33,35,68,97,9782,0,6,1.6166666667,163.0333333333
4009,Breakage,1,3,3,22,8,377,312,689,146,8770,0,6,2.4333333333,146.1666666667
4010,Performance,1,1,1,20,2,8,3,11,0,6,0,0,0,0.1
4014,Normal,1,2,2,22,8,100,0,100,158,9503,0,6,2.6333333333,158.3833333333
4016,Normal,1,2,3,23,71,47,33,80,269,16150,0,11,4.4833333333,269.1666666667
4032,Breakage,4,4,9,46,8,197,52,249,20,2884,0,2,0.3333333333,48.0666666667
4040,Normal,1,1,1,22,3,1,1,2,1,92,0,0,0.0166666667,1.5333333333
4053,Normal,2,2,3,22,27,15,3,18,2,150,0,0,0.0333333333,2.5
4054,Performance,2,3,3,22,25,5,1,6,5,1374,0,0,0.0833333333,22.9
4055,Performance,1,1,1,21,3,31,17,48,30,1841,0,1,0.5,30.6833333333
4071,Surprising,2,2,2,44,27,6,3,9,1179,70826,0,49,19.65,1180.4333333333
4071,Breakage,2,2,2,44,27,6,3,9,1179,70826,0,49,19.65,1180.4333333333
4073,Normal,2,2,2,44,35,16,3,19,528,5159,0,3,8.8,85.9833333333
4076,Surprising,1,1,2,23,34,42,42,84,1363,81893,0,56,22.7166666667,1364.8833333333
4076,Dormant,1,1,2,23,34,42,42,84,1363,81893,0,56,22.7166666667,1364.8833333333
4077,Surprising,1,2,2,22,13,28,5,33,263,15816,0,10,4.3833333333,263.6
4099,Normal,4,5,5,88,22,55,35,90,68,4101,0,2,1.1333333333,68.35
4111,Breakage,1,1,1,22,5,1,1,2,24,1460,0,1,0.4,24.3333333333
4126,Surprising,2,2,2,44,27,2,2,4,135,8150,0,5,2.25,135.8333333333
4126,Dormant,2,2,2,44,27,2,2,4,135,8150,0,5,2.25,135.8333333333
4126,Breakage,2,2,2,44,27,2,2,4,135,8150,0,5,2.25,135.8333333333
4134,Surprising,1,1,1,22,6,6,1,7,74,4473,0,3,1.2333333333,74.55
4134,Performance,1,1,1,22,6,6,1,7,74,4473,0,3,1.2333333333,74.55
4141,Normal,3,5,8,45,9,223,46,269,24,137,0,0,0.4,2.2833333333
4152,Breakage,1,1,1,22,7,1,1,2,0,4,0,0,0,0.0666666667
4161,Normal,1,3,5,23,11,343,39,382,115,6942,0,4,1.9166666667,115.7
4168,Normal,3,4,4,69,56,481,458,939,145,4787,0,3,2.4166666667,79.7833333333
4172,Breakage,2,2,4,44,9,129,3,132,126,7619,0,5,2.1,126.9833333333
4183,Normal,1,1,1,22,1,3,3,6,1,88,0,0,0.0166666667,1.4666666667
4184,Performance,1,2,2,23,7,100,4,104,5,318,0,0,0.0833333333,5.3
4185,Normal,3,4,4,66,40,31,18,49,80,4407,0,3,1.3333333333,73.45
4227,Surprising,1,1,1,23,6,13,6,19,242,14622,0,10,4.0333333333,243.7
4245,Normal,1,1,1,23,3,3,3,6,113,6875,0,4,1.8833333333,114.5833333333
4258,Surprising,1,1,1,22,1,33,3,36,612,36811,0,25,10.2,613.5166666667
4260,Surprising,5,18,46,49,317,134,118,252,3192,192552,2,133,53.2,3209.2
4261,Surprising,1,1,1,23,37,38,4,42,0,0,0,0,0,0
4265,Surprising,1,1,1,22,10,2,4,6,41,2571,0,1,0.6833333333,42.85
4276,Surprising,1,2,4,23,12,125,6,131,97,5934,0,4,1.6166666667,98.9
4276,Breakage,1,2,4,23,12,125,6,131,97,5934,0,4,1.6166666667,98.9
4278,Surprising,1,1,1,23,28,0,21,21,86,15791,0,10,1.4333333333,263.1833333333
4278,Performance,1,1,1,23,28,0,21,21,86,15791,0,10,1.4333333333,263.1833333333
4279,Surprising,1,1,1,23,2,7,3,10,25,1568,0,1,0.4166666667,26.1333333333
4286,Normal,2,3,3,52,34,12,20,32,3338,198734,2,138,55.6333333333,3312.2333333333
4292,Normal,1,2,2,23,3,124,1,125,0,28,0,0,0,0.4666666667
4298,Dormant,1,2,4,24,60,101,1,102,187,11325,0,7,3.1166666667,188.75
4309,Normal,2,3,3,46,6,75,15,90,355,21419,0,14,5.9166666667,356.9833333333
4317,Normal,1,1,1,24,56,1,1,2,225,13615,0,9,3.75,226.9166666667
4340,Surprising,5,5,6,122,180,96,33,129,12,909,0,0,0.2,15.15
4358,Surprising,1,2,2,26,15,98,6,104,3721,223300,2,155,62.0166666667,3721.6666666667
4361,Surprising,1,2,3,24,102,107,44,151,124,7522,0,5,2.0666666667,125.3666666667
4363,Surprising,1,1,1,23,35,1,1,2,0,102,0,0,0,1.7
4365,Surprising,1,2,3,24,42,64,7,71,69,4257,0,2,1.15,70.95
4378,Surprising,1,1,1,22,5,1,27,28,2,240,0,0,0.0333333333,4
4379,Surprising,1,2,4,22,1,134,1,135,184,11100,0,7,3.0666666667,185
4387,Surprising,5,6,7,98,127,72,9,81,2467,148026,1,102,41.1166666667,2467.1
4416,Normal,3,4,6,25,115,119,66,185,27,1700,0,1,0.45,28.3333333333
4420,Normal,1,2,2,25,32,21,10,31,69,5137,0,3,1.15,85.6166666667
4425,Breakage,2,2,5,23,6,165,7,172,18,1178,0,0,0.3,19.6333333333
4429,Dormant,1,1,1,25,65,28,19,47,0,30,0,0,0,0.5
4441,Normal,3,10,18,83,90,191,133,324,16343,980695,11,681,272.3833333333,16344.9166666667
4446,Dormant,1,1,1,25,44,2,2,4,144,8702,0,6,2.4,145.0333333333
4454,Normal,1,1,1,26,1,1,1,2,0,13,0,0,0,0.2166666667
4465,Normal,2,2,2,46,93,2,1,3,1,91,0,0,0.0166666667,1.5166666667
4475,Surprising,1,2,2,25,5,2,4,6,155,9434,0,6,2.5833333333,157.2333333333
4483,Normal,1,2,2,26,82,48,6,54,19,1173,0,0,0.3166666667,19.55
4484,Dormant,1,1,1,23,4,0,1,1,20,1213,0,0,0.3333333333,20.2166666667
4484,Performance,1,1,1,23,4,0,1,1,20,1213,0,0,0.3333333333,20.2166666667
4485,Surprising,1,1,1,22,2,24,7,31,0,11,0,0,0,0.1833333333
4487,Surprising,2,4,6,26,48,76,50,126,130,7868,0,5,2.1666666667,131.1333333333
4494,Normal,2,3,5,44,4,171,0,171,23,1436,0,0,0.3833333333,23.9333333333
4501,Surprising,1,1,1,22,5,32,1,33,141,8511,0,5,2.35,141.85
4502,Surprising,1,1,1,24,33,1,1,2,506,30408,0,21,8.4333333333,506.8
4504,Surprising,3,4,4,75,86,10,7,17,136,8175,0,5,2.2666666667,136.25
4505,Surprising,2,4,6,46,44,14,99,113,182,10977,0,7,3.0333333333,182.95
4506,Surprising,1,1,1,23,2,11,0,11,43,2637,0,1,0.7166666667,43.95
4506,Breakage,1,1,1,23,2,11,0,11,43,2637,0,1,0.7166666667,43.95
4507,Surprising,1,3,3,26,101,31,14,45,90,5438,0,3,1.5,90.6333333333
4509,Normal,1,2,2,22,16,30,5,35,29,2731,0,1,0.4833333333,45.5166666667
4514,Normal,2,2,2,26,28,41,1,42,1,163,0,0,0.0166666667,2.7166666667
4518,Normal,1,2,2,23,44,65,9,74,14,873,0,0,0.2333333333,14.55
4529,Normal,1,1,2,26,65,11,13,24,332,19955,0,13,5.5333333333,332.5833333333
4530,Normal,2,4,8,52,18,106,45,151,135,7597,0,5,2.25,126.6166666667
4543,Normal,1,2,2,26,89,12,1,13,0,47,0,0,0,0.7833333333
4546,Normal,1,3,5,26,6,120,15,135,44,2686,0,1,0.7333333333,44.7666666667
4559,Normal,1,1,1,26,79,6,1,7,89,5380,0,3,1.4833333333,89.6666666667
4561,Breakage,2,2,3,26,67,63,4,67,72,4361,0,3,1.2,72.6833333333
4566,Normal,3,5,8,74,14,170,40,210,1,126,0,0,0.0166666667,2.1
4570,Dormant,2,3,4,52,82,95,3,98,214,12872,0,8,3.5666666667,214.5333333333
4574,Normal,1,1,1,22,2,23,5,28,69,12324,0,8,1.15,205.4
4584,Surprising,2,5,5,23,10,257,12,269,573,34401,0,23,9.55,573.35
4587,Breakage,1,1,1,27,35,19,3,22,3242,194535,2,135,54.0333333333,3242.25
4589,Surprising,1,1,1,26,5,5,1,6,3236,194210,2,134,53.9333333333,3236.8333333333
4589,Dormant,1,1,1,26,5,5,1,6,3236,194210,2,134,53.9333333333,3236.8333333333
4592,Surprising,1,1,1,26,48,1,1,2,213,12794,0,8,3.55,213.2333333333
4596,Surprising,1,3,6,26,53,127,94,221,165,9925,0,6,2.75,165.4166666667
4617,Dormant,7,18,65,110,179,695,602,1297,11131,18842,7,13,185.5166666667,314.0333333333
4626,Surprising,1,2,2,28,29,157,27,184,1452,87160,1,60,24.2,1452.6666666667
4632,Surprising,1,1,1,26,12,1,1,2,0,7,0,0,0,0.1166666667
4633,Surprising,1,1,1,26,2,1,1,2,239,14361,0,9,3.9833333333,239.35
4641,Surprising,6,6,6,149,45,70,41,111,504,25854,0,17,8.4,430.9
4642,Surprising,1,1,1,26,4,1,1,2,52,3168,0,2,0.8666666667,52.8
4645,Surprising,7,11,14,112,190,440,214,654,1322,72198,0,50,22.0333333333,1203.3
4663,Surprising,2,2,5,28,25,44,11,55,72,4339,0,3,1.2,72.3166666667
4679,Surprising,1,2,2,22,3,58,3,61,12,740,0,0,0.2,12.3333333333
4679,Dormant,1,2,2,22,3,58,3,61,12,740,0,0,0.2,12.3333333333
4681,Surprising,2,3,7,2,1,128,1,129,63,90,0,0,1.05,1.5
4683,Surprising,1,1,1,26,11,5,3,8,1,3099,0,2,0.0166666667,51.65
4683,Dormant,1,1,1,26,11,5,3,8,1,3099,0,2,0.0166666667,51.65
4691,Surprising,1,1,3,28,66,9,8,17,5,317,0,0,0.0833333333,5.2833333333
4717,Surprising,1,2,2,23,6,22,1,23,5,351,0,0,0.0833333333,5.85
4723,Surprising,1,1,1,26,5,10,3,13,24,249041,0,172,0.4,4150.6833333333
4727,Normal,1,1,1,26,8,3,5,8,0,32,0,0,0,0.5333333333
4732,Surprising,3,3,4,29,9,134,2,136,51,3058,0,2,0.85,50.9666666667
4735,Surprising,1,1,1,26,28,1,1,2,12,746,0,0,0.2,12.4333333333
4735,Dormant,1,1,1,26,28,1,1,2,12,746,0,0,0.2,12.4333333333
4743,Surprising,3,3,3,74,6,18,17,35,0,21,0,0,0,0.35
4753,Surprising,1,2,2,28,7,28,4,32,0,2,0,0,0,0.0333333333
4755,Normal,2,3,3,45,16,22,6,28,272,16339,0,11,4.5333333333,272.3166666667
4757,Surprising,1,2,2,28,46,149,2,151,0,3,0,0,0,0.05
4758,Surprising,2,2,3,52,34,29,20,49,299,18580,0,12,4.9833333333,309.6666666667
4758,Dormant,2,2,3,52,34,29,20,49,299,18580,0,12,4.9833333333,309.6666666667
4760,Surprising,1,2,2,26,6,17,6,23,72,4330,0,3,1.2,72.1666666667
4760,Dormant,1,2,2,26,6,17,6,23,72,4330,0,3,1.2,72.1666666667
4769,Surprising,5,5,5,130,80,40,40,80,341,21405,0,14,5.6833333333,356.75
4769,Blocker,5,5,5,130,80,40,40,80,341,21405,0,14,5.6833333333,356.75
4769,Breakage,5,5,5,130,80,40,40,80,341,21405,0,14,5.6833333333,356.75
4770,Surprising,2,2,2,28,126,20,26,46,157,9424,0,6,2.6166666667,157.0666666667
4773,Surprising,1,1,1,23,5,4,1,5,56,3396,0,2,0.9333333333,56.6
4775,Surprising,1,2,2,28,37,43,2,45,31,1899,0,1,0.5166666667,31.65
4775,Dormant,1,2,2,28,37,43,2,45,31,1899,0,1,0.5166666667,31.65
4780,Surprising,1,1,1,26,1,2,2,4,17,1073,0,0,0.2833333333,17.8833333333
4780,Dormant,1,1,1,26,1,2,2,4,17,1073,0,0,0.2833333333,17.8833333333
4784,Surprising,1,1,1,26,21,2,2,4,185,11126,0,7,3.0833333333,185.4333333333
4784,Dormant,1,1,1,26,21,2,2,4,185,11126,0,7,3.0833333333,185.4333333333
4789,Surprising,1,2,2,28,56,70,36,106,125,8559,0,5,2.0833333333,142.65
4789,Breakage,1,2,2,28,56,70,36,106,125,8559,0,5,2.0833333333,142.65
4794,Normal,1,1,5,23,9,11,2,13,46,2795,0,1,0.7666666667,46.5833333333
4796,Surprising,1,1,2,26,46,28,27,55,28,1732,0,1,0.4666666667,28.8666666667
4803,Surprising,1,2,2,25,4,32,5,37,3327,199718,2,138,55.45,3328.6333333333
4806,Surprising,1,1,1,26,25,24,4,28,57,3462,0,2,0.95,57.7
4806,Dormant,1,1,1,26,25,24,4,28,57,3462,0,2,0.95,57.7
4810,Surprising,2,2,2,54,106,42,5,47,16,838,0,0,0.2666666667,13.9666666667
4827,Surprising,2,2,2,26,15,2,1,3,5829,349780,4,242,97.15,5829.6666666667
4827,Dormant,2,2,2,26,15,2,1,3,5829,349780,4,242,97.15,5829.6666666667
4841,Surprising,1,2,2,28,38,41,3,44,257,15495,0,10,4.2833333333,258.25
4841,Performance,1,2,2,28,38,41,3,44,257,15495,0,10,4.2833333333,258.25
4844,Surprising,1,2,2,26,1,105,15,120,3,240,0,0,0.05,4
4844,Dormant,1,2,2,26,1,105,15,120,3,240,0,0,0.05,4
4859,Security,1,1,1,26,9,3,2,5,15,991,0,0,0.25,16.5166666667
4859,Performance,1,1,1,26,9,3,2,5,15,991,0,0,0.25,16.5166666667
4865,Surprising,2,4,5,26,18,155,11,166,16,1073,0,0,0.2666666667,17.8833333333
4869,Surprising,2,2,3,52,41,64,0,64,135,1516,0,1,2.25,25.2666666667
4869,Dormant,2,2,3,52,41,64,0,64,135,1516,0,1,2.25,25.2666666667
4878,Surprising,1,1,1,22,4,4,21,25,0,5,0,0,0,0.0833333333
4884,Surprising,1,2,2,24,7,177,36,213,39,2430,0,1,0.65,40.5
4884,Dormant,1,2,2,24,7,177,36,213,39,2430,0,1,0.65,40.5
4891,Surprising,2,2,2,28,42,66,36,102,22,2997,0,2,0.3666666667,49.95
4906,Surprising,1,1,1,28,50,1,1,2,835,50180,0,34,13.9166666667,836.3333333333
4908,Dormant,1,1,1,26,4,9,9,18,0,100,0,0,0,1.6666666667
4908,Breakage,1,1,1,26,4,9,9,18,0,100,0,0,0,1.6666666667
4915,Surprising,2,2,2,54,7,8,2,10,15,1020,0,0,0.25,17
4920,Surprising,2,2,2,28,44,22,1,23,0,5,0,0,0,0.0833333333
4923,Surprising,1,2,2,26,6,36,2,38,0,88,0,0,0,1.4666666667
4927,Surprising,1,2,2,24,11,134,46,180,3,309,0,0,0.05,5.15
4927,Dormant,1,2,2,24,11,134,46,180,3,309,0,0,0.05,5.15
4932,Surprising,1,2,2,29,3,113,11,124,435,263284,0,182,7.25,4388.0666666667
4935,Dormant,2,2,2,28,46,38,9,47,1,169,0,0,0.0166666667,2.8166666667
4956,Normal,1,1,1,23,14,17,11,28,5,596,0,0,0.0833333333,9.9333333333
4962,Normal,1,1,3,26,34,56,104,160,0,21,0,0,0,0.35
4964,Normal,2,5,9,28,124,16,16,32,2659,159577,1,110,44.3166666667,2659.6166666667
4975,Dormant,3,3,3,78,54,89,6,95,85,5181,0,3,1.4166666667,86.35
4975,Performance,3,3,3,78,54,89,6,95,85,5181,0,3,1.4166666667,86.35
4986,Normal,1,1,1,28,85,6,1,7,0,5,0,0,0,0.0833333333
4988,Dormant,1,2,2,23,8,30,5,35,7047,422891,4,293,117.45,7048.1833333333
4989,Dormant,1,4,8,28,140,214,80,294,782,47105,0,32,13.0333333333,785.0833333333
5013,Breakage,2,2,2,52,9,13,3,16,23,1483,0,1,0.3833333333,24.7166666667
5020,Dormant,1,2,3,26,14,59,10,69,0,23,0,0,0,0.3833333333
5040,Normal,1,1,1,28,20,21,5,26,3,243,0,0,0.05,4.05
5054,Surprising,2,6,9,26,37,103,58,161,36,2240,0,1,0.6,37.3333333333
5054,Dormant,2,6,9,26,37,103,58,161,36,2240,0,1,0.6,37.3333333333
5055,Surprising,2,2,3,28,74,74,43,117,0,50,0,0,0,0.8333333333
5073,Surprising,2,2,2,28,52,21,1,22,402,24158,0,16,6.7,402.6333333333
5076,Surprising,1,1,1,28,52,21,10,31,3,266,0,0,0.05,4.4333333333
5076,Dormant,1,1,1,28,52,21,10,31,3,266,0,0,0.05,4.4333333333
5085,Dormant,4,9,25,112,106,218,180,398,1225,74637,0,51,20.4166666667,1243.95
5086,Surprising,1,2,2,28,18,12,2,14,442,26551,0,18,7.3666666667,442.5166666667
5086,Breakage,1,2,2,28,18,12,2,14,442,26551,0,18,7.3666666667,442.5166666667
5104,Surprising,1,1,1,28,18,6,3,9,527,31628,0,21,8.7833333333,527.1333333333
5117,Normal,3,3,3,84,239,50,27,77,10,15,0,0,0.1666666667,0.25
5123,Dormant,2,2,2,28,54,22,4,26,2,180,0,0,0.0333333333,3
5126,Normal,1,1,1,26,7,9,3,12,0,4,0,0,0,0.0666666667
5132,Performance,1,1,1,28,103,8,1,9,94,54847,0,38,1.5666666667,914.1166666667
5135,Normal,1,1,1,28,21,29,2,31,2749,164953,1,114,45.8166666667,2749.2166666667
5140,Normal,1,1,2,28,109,13,0,13,386,23217,0,16,6.4333333333,386.95
5141,Normal,2,4,5,28,103,93,3,96,2,145,0,0,0.0333333333,2.4166666667
5149,Normal,1,1,1,1,3,7,0,7,0,0,0,0,0,0
5157,Normal,2,3,3,57,93,33,4,37,3299,996,2,0,54.9833333333,16.6
5164,Surprising,2,2,2,46,11,31,5,36,1732,103966,1,72,28.8666666667,1732.7666666667
5164,Security,2,2,2,46,11,31,5,36,1732,103966,1,72,28.8666666667,1732.7666666667
5182,Surprising,3,3,6,46,54,13,15,28,514,29283,0,20,8.5666666667,488.05
5202,Normal,2,2,2,28,57,21,1,22,73,4386,0,3,1.2166666667,73.1
5203,Breakage,1,2,2,28,42,28,16,44,65,3941,0,2,1.0833333333,65.6833333333
5220,Performance,2,2,3,28,55,42,37,79,37,2257,0,1,0.6166666667,37.6166666667
5222,Normal,1,1,1,29,117,4,2,6,2,144,0,0,0.0333333333,2.4
5223,Normal,1,1,1,28,46,38,0,38,0,39,0,0,0,0.65
5224,Breakage,2,2,2,57,102,6,6,12,4369,529701,3,367,72.8166666667,8828.35
5226,Normal,8,14,16,174,63,255,255,510,562,7409,0,5,9.3666666667,123.4833333333
5229,Breakage,1,1,1,29,118,7,32,39,0,4,0,0,0,0.0666666667
5237,Breakage,2,4,4,46,20,111,7,118,73,2821,0,1,1.2166666667,47.0166666667
5243,Performance,2,6,10,60,140,9833,2194,12027,6193,371638,4,258,103.2166666667,6193.9666666667
5247,Normal,1,2,2,30,12,25,0,25,1,75,0,0,0.0166666667,1.25
5256,Breakage,1,1,1,26,11,16,4,20,0,29,0,0,0,0.4833333333
5259,Surprising,1,2,2,29,76,29,3,32,0,14,0,0,0,0.2333333333
5263,Surprising,1,1,1,23,6,10,0,10,0,16,0,0,0,0.2666666667
5268,Breakage,1,1,1,28,3,8,1,9,44,2670,0,1,0.7333333333,44.5
5269,Surprising,1,1,2,28,13,39,44,83,0,7,0,0,0,0.1166666667
5271,Surprising,1,2,2,1,0,2,2,4,0,23,0,0,0,0.3833333333
5271,Breakage,1,2,2,1,0,2,2,4,0,23,0,0,0,0.3833333333
5273,Normal,1,1,1,28,49,3,3,6,213,12807,0,8,3.55,213.45
5279,Normal,1,1,1,27,12,5,2,7,65,3941,0,2,1.0833333333,65.6833333333
5284,Performance,1,2,5,31,96,28,2,30,5688,341300,3,237,94.8,5688.3333333333
5294,Normal,1,1,1,24,12,15,12,27,23,1414,0,0,0.3833333333,23.5666666667
5308,Security,1,1,1,28,4,1,1,2,2,158,0,0,0.0333333333,2.6333333333
5309,Normal,1,1,1,27,28,20,5,25,13,846,0,0,0.2166666667,14.1
5310,Normal,1,1,1,23,2,9,2,11,0,43,0,0,0,0.7166666667
5315,Normal,1,1,1,28,11,20,1,21,0,8,0,0,0,0.1333333333
5326,Surprising,1,3,3,35,27,730,156,886,9886,600939,6,417,164.7666666667,10015.65
5326,Security,1,3,3,35,27,730,156,886,9886,600939,6,417,164.7666666667,10015.65
5359,Normal,1,2,2,26,17,81,53,134,7,477,0,0,0.1166666667,7.95
5366,Normal,5,9,26,57,119,339,281,620,5,311,0,0,0.0833333333,5.1833333333
5374,Surprising,1,1,1,30,28,30,32,62,0,17,0,0,0,0.2833333333
5385,Breakage,1,1,1,1,1,2,2,4,57,3444,0,2,0.95,57.4
5400,Normal,2,4,5,30,44,14,18,32,301,18162,0,12,5.0166666667,302.7
5416,Surprising,1,2,6,23,8,853,3,856,40,2520,0,1,0.6666666667,42
5416,Dormant,1,2,6,23,8,853,3,856,40,2520,0,1,0.6666666667,42
5417,Surprising,1,2,11,31,106,413,0,413,278,16748,0,11,4.6333333333,279.1333333333
5418,Surprising,5,11,13,145,56,671,436,1107,47,2730,0,1,0.7833333333,45.5
5422,Performance,2,2,2,29,17,15,1,16,73,4468,0,3,1.2166666667,74.4666666667
5424,Dormant,6,6,10,66,126,358,121,479,581,2086,0,1,9.6833333333,34.7666666667
5424,Security,6,6,10,66,126,358,121,479,581,2086,0,1,9.6833333333,34.7666666667
5424,Performance,6,6,10,66,126,358,121,479,581,2086,0,1,9.6833333333,34.7666666667
5425,Surprising,2,2,2,32,97,79,2,81,0,9,0,0,0,0.15
5472,Breakage,2,2,2,31,40,6,2,8,0,1,0,0,0,0.0166666667
5486,Breakage,2,3,3,62,85,30,7,37,767,46093,0,32,12.7833333333,768.2166666667
5490,Normal,1,1,1,28,3,3,4,7,0,0,0,0,0,0
5492,Performance,1,1,1,31,42,2,1,3,22,1394,0,0,0.3666666667,23.2333333333
5499,Breakage,2,8,11,62,124,69,26,95,168,9054,0,6,2.8,150.9
5506,Normal,1,2,2,32,4,29,6,35,530,31895,0,22,8.8333333333,531.5833333333
5517,Surprising,4,6,7,90,328,29,18,47,2,22733,0,15,0.0333333333,378.8833333333
5522,Dormant,1,2,2,31,61,65,3,68,333,19997,0,13,5.55,333.2833333333
5522,Performance,1,2,2,31,61,65,3,68,333,19997,0,13,5.55,333.2833333333
5523,Normal,2,4,6,60,359,36,14,50,595,6854,0,4,9.9166666667,114.2333333333
5527,Performance,7,14,27,214,188,1118,334,1452,137,9706,0,6,2.2833333333,161.7666666667
5532,Surprising,1,1,1,31,40,13,1,14,22,1372,0,0,0.3666666667,22.8666666667
5532,Dormant,1,1,1,31,40,13,1,14,22,1372,0,0,0.3666666667,22.8666666667
5532,Breakage,1,1,1,31,40,13,1,14,22,1372,0,0,0.3666666667,22.8666666667
5555,Normal,2,2,2,56,69,15,3,18,92,5530,0,3,1.5333333333,92.1666666667
5557,Normal,1,1,1,28,4,3,17,20,84,5060,0,3,1.4,84.3333333333
5558,Normal,1,1,1,31,6,3,1,4,0,46,0,0,0,0.7666666667
5589,Surprising,1,2,3,33,46,258,228,486,0,1,0,0,0,0.0166666667
5589,Dormant,1,2,3,33,46,258,228,486,0,1,0,0,0,0.0166666667
5595,Surprising,1,1,1,30,24,2,1,3,0,25,0,0,0,0.4166666667
5595,Performance,1,1,1,30,24,2,1,3,0,25,0,0,0,0.4166666667
5616,Dormant,1,1,1,30,59,3,3,6,27,1672,0,1,0.45,27.8666666667
5624,Normal,1,1,1,32,3,16,5,21,6,365,0,0,0.1,6.0833333333
5626,Surprising,1,1,1,28,9,3,4,7,0,2,0,0,0,0.0333333333
5631,Surprising,2,2,2,34,142,13,2,15,161,9716,0,6,2.6833333333,161.9333333333
5631,Breakage,2,2,2,34,142,13,2,15,161,9716,0,6,2.6833333333,161.9333333333
5637,Surprising,1,1,2,22,2,16,16,32,0,0,0,0,0,0
5643,Surprising,4,5,5,124,221,25,10,35,207,12248,0,8,3.45,204.1333333333
5643,Dormant,4,5,5,124,221,25,10,35,207,12248,0,8,3.45,204.1333333333
5647,Surprising,1,1,1,28,9,1,1,2,0,15,0,0,0,0.25
5647,Dormant,1,1,1,28,9,1,1,2,0,15,0,0,0,0.25
5655,Normal,1,2,2,32,133,32,6,38,11,697,0,0,0.1833333333,11.6166666667
5656,Normal,1,3,3,36,3,40,12,52,553,33529,0,23,9.2166666667,558.8166666667
5657,Dormant,1,1,1,30,73,10,0,10,0,39,0,0,0,0.65
5679,Normal,1,2,2,32,104,65,1,66,1,92,0,0,0.0166666667,1.5333333333
5689,Dormant,1,3,4,31,119,8,66,74,261,15699,0,10,4.35,261.65
5706,Surprising,1,2,2,20,1,65,4,69,22,1340,0,0,0.3666666667,22.3333333333
5711,Surprising,1,2,2,33,31,9,12,21,0,20,0,0,0,0.3333333333
5711,Breakage,1,2,2,33,31,9,12,21,0,20,0,0,0,0.3333333333
5712,Surprising,1,2,2,34,15,34,8,42,0,39,0,0,0,0.65
5714,Surprising,1,1,1,31,25,1,1,2,0,34,0,0,0,0.5666666667
5716,Dormant,1,1,1,30,75,20,15,35,16,1011,0,0,0.2666666667,16.85
5728,Normal,1,2,3,33,99,9,2,11,0,91,0,0,0,1.5166666667
5730,Normal,1,4,8,33,313,455,399,854,94,23678,0,16,1.5666666667,394.6333333333
5733,Normal,2,2,2,68,7,13,2,15,120,7255,0,5,2,120.9166666667
5736,Performance,1,1,1,32,33,2,1,3,0,49,0,0,0,0.8166666667
5747,Breakage,1,2,2,33,40,27,19,46,336,20246,0,14,5.6,337.4333333333
5751,Normal,1,2,2,28,9,63,0,63,256,15473,0,10,4.2666666667,257.8833333333
